{
    "nose": [
        0.6373310685157776,
        0.37184107303619385
    ],
    "left_eye_inner": [
        0.6615821123123169,
        0.35880354046821594
    ],
    "left_eye": [
        0.6649855375289917,
        0.36058497428894043
    ],
    "left_eye_outer": [
        0.668776273727417,
        0.3624793589115143
    ],
    "right_eye_inner": [
        0.6606292724609375,
        0.35631564259529114
    ],
    "right_eye": [
        0.6632653474807739,
        0.3565089702606201
    ],
    "right_eye_outer": [
        0.6663833260536194,
        0.356918603181839
    ],
    "left_ear": [
        0.6937761306762695,
        0.39147093892097473
    ],
    "right_ear": [
        0.6918342709541321,
        0.38530561327934265
    ],
    "mouth_left": [
        0.6332417130470276,
        0.39960336685180664
    ],
    "mouth_right": [
        0.6303513646125793,
        0.3980845808982849
    ],
    "left_shoulder": [
        0.6499618887901306,
        0.5278038382530212
    ],
    "right_shoulder": [
        0.6357383728027344,
        0.5182722806930542
    ],
    "left_elbow": [
        0.4630413353443146,
        0.5566202402114868
    ],
    "right_elbow": [
        0.47492924332618713,
        0.5612125396728516
    ],
    "left_wrist": [
        0.30757519602775574,
        0.5539160370826721
    ],
    "right_wrist": [
        0.3192771077156067,
        0.5548050403594971
    ],
    "left_pinky": [
        0.2618752121925354,
        0.5624079704284668
    ],
    "right_pinky": [
        0.27106422185897827,
        0.5548938512802124
    ],
    "left_index": [
        0.25723540782928467,
        0.5501134991645813
    ],
    "right_index": [
        0.26419368386268616,
        0.552777886390686
    ],
    "left_thumb": [
        0.27460595965385437,
        0.5487433671951294
    ],
    "right_thumb": [
        0.28103867173194885,
        0.5525631904602051
    ],
    "left_hip": [
        0.5069494247436523,
        0.7902153134346008
    ],
    "right_hip": [
        0.4952920377254486,
        0.7687690854072571
    ],
    "left_knee": [
        0.3852543830871582,
        0.5217796564102173
    ],
    "right_knee": [
        0.3829866647720337,
        0.525015115737915
    ],
    "left_ankle": [
        0.21501252055168152,
        0.2785870432853699
    ],
    "right_ankle": [
        0.2195916771888733,
        0.28540995717048645
    ],
    "left_heel": [
        0.16914504766464233,
        0.2752102315425873
    ],
    "right_heel": [
        0.17397046089172363,
        0.27701669931411743
    ],
    "left_foot_index": [
        0.23516510426998138,
        0.15085238218307495
    ],
    "right_foot_index": [
        0.23854216933250427,
        0.15570873022079468
    ]
}