{
    "nose": [
        0.1313958466053009,
        0.43399983644485474
    ],
    "left_eye_inner": [
        0.1426275223493576,
        0.40865206718444824
    ],
    "left_eye": [
        0.1469040811061859,
        0.4078875184059143
    ],
    "left_eye_outer": [
        0.15138544142246246,
        0.4066546857357025
    ],
    "right_eye_inner": [
        0.13948526978492737,
        0.4070645570755005
    ],
    "right_eye": [
        0.14184778928756714,
        0.40547388792037964
    ],
    "right_eye_outer": [
        0.14424847066402435,
        0.4033890962600708
    ],
    "left_ear": [
        0.1960402876138687,
        0.40530991554260254
    ],
    "right_ear": [
        0.1879635751247406,
        0.4033772945404053
    ],
    "mouth_left": [
        0.15249553322792053,
        0.4524364471435547
    ],
    "mouth_right": [
        0.14751724898815155,
        0.4508044123649597
    ],
    "left_shoulder": [
        0.3311834931373596,
        0.5056593418121338
    ],
    "right_shoulder": [
        0.29355907440185547,
        0.4923206567764282
    ],
    "left_elbow": [
        0.5422194004058838,
        0.44430243968963623
    ],
    "right_elbow": [
        0.502088189125061,
        0.4567367136478424
    ],
    "left_wrist": [
        0.7220345735549927,
        0.3767653703689575
    ],
    "right_wrist": [
        0.6781659126281738,
        0.393210232257843
    ],
    "left_pinky": [
        0.7516573667526245,
        0.34614643454551697
    ],
    "right_pinky": [
        0.7279030084609985,
        0.37366557121276855
    ],
    "left_index": [
        0.7453025579452515,
        0.35168126225471497
    ],
    "right_index": [
        0.7389494180679321,
        0.4003582298755646
    ],
    "left_thumb": [
        0.7386031150817871,
        0.37822064757347107
    ],
    "right_thumb": [
        0.7055414915084839,
        0.41235753893852234
    ],
    "left_hip": [
        0.5011067986488342,
        0.7705811262130737
    ],
    "right_hip": [
        0.4803875684738159,
        0.7505760788917542
    ],
    "left_knee": [
        0.8466525077819824,
        0.6960293650627136
    ],
    "right_knee": [
        0.771748960018158,
        0.6881949305534363
    ],
    "left_ankle": [
        0.7475067973136902,
        0.3848326504230499
    ],
    "right_ankle": [
        0.7206234931945801,
        0.4001963436603546
    ],
    "left_heel": [
        0.7338178753852844,
        0.3623254895210266
    ],
    "right_heel": [
        0.7079528570175171,
        0.38342973589897156
    ],
    "left_foot_index": [
        0.7873375415802002,
        0.2305086851119995
    ],
    "right_foot_index": [
        0.7519897222518921,
        0.25002408027648926
    ]
}