{
    "nose": [
        0.6835808753967285,
        0.5116257667541504
    ],
    "left_eye_inner": [
        0.7036092281341553,
        0.5148941278457642
    ],
    "left_eye": [
        0.7049131393432617,
        0.5137834548950195
    ],
    "left_eye_outer": [
        0.7061989307403564,
        0.5123926997184753
    ],
    "right_eye_inner": [
        0.706108570098877,
        0.5127336382865906
    ],
    "right_eye": [
        0.7090566158294678,
        0.5103579163551331
    ],
    "right_eye_outer": [
        0.7117370367050171,
        0.5079349279403687
    ],
    "left_ear": [
        0.7149071097373962,
        0.4876379370689392
    ],
    "right_ear": [
        0.720085620880127,
        0.48587706685066223
    ],
    "mouth_left": [
        0.674305260181427,
        0.49948036670684814
    ],
    "mouth_right": [
        0.6760587692260742,
        0.49676719307899475
    ],
    "left_shoulder": [
        0.6712055206298828,
        0.4468207359313965
    ],
    "right_shoulder": [
        0.6920109987258911,
        0.45456740260124207
    ],
    "left_elbow": [
        0.685813844203949,
        0.5813076496124268
    ],
    "right_elbow": [
        0.7040749788284302,
        0.6082466840744019
    ],
    "left_wrist": [
        0.7257747650146484,
        0.7000299692153931
    ],
    "right_wrist": [
        0.7472999095916748,
        0.7408198118209839
    ],
    "left_pinky": [
        0.7517285346984863,
        0.70782870054245
    ],
    "right_pinky": [
        0.7761648893356323,
        0.7565063238143921
    ],
    "left_index": [
        0.7573745846748352,
        0.7121044397354126
    ],
    "right_index": [
        0.7813853025436401,
        0.748836874961853
    ],
    "left_thumb": [
        0.7485290169715881,
        0.7141644358634949
    ],
    "right_thumb": [
        0.7719508409500122,
        0.7443561553955078
    ],
    "left_hip": [
        0.43897396326065063,
        0.4839453101158142
    ],
    "right_hip": [
        0.43853235244750977,
        0.49181079864501953
    ],
    "left_knee": [
        0.43740013241767883,
        0.7014893293380737
    ],
    "right_knee": [
        0.4314020276069641,
        0.7265353798866272
    ],
    "left_ankle": [
        0.2263054996728897,
        0.6879932880401611
    ],
    "right_ankle": [
        0.20265530049800873,
        0.7100826501846313
    ],
    "left_heel": [
        0.20993182063102722,
        0.6543257236480713
    ],
    "right_heel": [
        0.18782393634319305,
        0.6774711608886719
    ],
    "left_foot_index": [
        0.13827434182167053,
        0.7247362732887268
    ],
    "right_foot_index": [
        0.0990748405456543,
        0.7425953149795532
    ]
}