{
    "nose": [
        0.1534607708454132,
        0.3117617070674896
    ],
    "left_eye_inner": [
        0.17436490952968597,
        0.3069987893104553
    ],
    "left_eye": [
        0.17764945328235626,
        0.3091977536678314
    ],
    "left_eye_outer": [
        0.18137237429618835,
        0.3113829493522644
    ],
    "right_eye_inner": [
        0.17314882576465607,
        0.3053115904331207
    ],
    "right_eye": [
        0.17530053853988647,
        0.30617472529411316
    ],
    "right_eye_outer": [
        0.17789435386657715,
        0.30705001950263977
    ],
    "left_ear": [
        0.20094332098960876,
        0.33185887336730957
    ],
    "right_ear": [
        0.19648708403110504,
        0.32640206813812256
    ],
    "mouth_left": [
        0.1522417813539505,
        0.3351392447948456
    ],
    "mouth_right": [
        0.15076705813407898,
        0.3329779803752899
    ],
    "left_shoulder": [
        0.21553388237953186,
        0.45215365290641785
    ],
    "right_shoulder": [
        0.20748016238212585,
        0.4438461661338806
    ],
    "left_elbow": [
        0.2471117079257965,
        0.6075102090835571
    ],
    "right_elbow": [
        0.2412547469139099,
        0.5938485264778137
    ],
    "left_wrist": [
        0.18929296731948853,
        0.7407797574996948
    ],
    "right_wrist": [
        0.188154935836792,
        0.7085220813751221
    ],
    "left_pinky": [
        0.16272422671318054,
        0.7546594142913818
    ],
    "right_pinky": [
        0.1540820449590683,
        0.7065408825874329
    ],
    "left_index": [
        0.14787650108337402,
        0.7476980686187744
    ],
    "right_index": [
        0.14383384585380554,
        0.7069864869117737
    ],
    "left_thumb": [
        0.15631479024887085,
        0.7439165115356445
    ],
    "right_thumb": [
        0.1545848399400711,
        0.7098786234855652
    ],
    "left_hip": [
        0.3241881728172302,
        0.6837925314903259
    ],
    "right_hip": [
        0.3248034417629242,
        0.6652297973632812
    ],
    "left_knee": [
        0.5694550275802612,
        0.7182134389877319
    ],
    "right_knee": [
        0.5688656568527222,
        0.704356849193573
    ],
    "left_ankle": [
        0.7938476800918579,
        0.7152500152587891
    ],
    "right_ankle": [
        0.7778834700584412,
        0.7053385376930237
    ],
    "left_heel": [
        0.8118201494216919,
        0.7004006505012512
    ],
    "right_heel": [
        0.8009918928146362,
        0.6853612065315247
    ],
    "left_foot_index": [
        0.8866698741912842,
        0.7522566914558411
    ],
    "right_foot_index": [
        0.8473749160766602,
        0.7375940084457397
    ]
}