{
    "nose": [
        0.8085224032402039,
        0.3185383081436157
    ],
    "left_eye_inner": [
        0.7948871850967407,
        0.3116074204444885
    ],
    "left_eye": [
        0.7926514148712158,
        0.31231993436813354
    ],
    "left_eye_outer": [
        0.7899647951126099,
        0.3129206597805023
    ],
    "right_eye_inner": [
        0.7940866947174072,
        0.31182006001472473
    ],
    "right_eye": [
        0.7916792035102844,
        0.31282490491867065
    ],
    "right_eye_outer": [
        0.7888727188110352,
        0.3137363791465759
    ],
    "left_ear": [
        0.7652483582496643,
        0.3276594281196594
    ],
    "right_ear": [
        0.7654433250427246,
        0.32867687940597534
    ],
    "mouth_left": [
        0.8051754832267761,
        0.3359062671661377
    ],
    "mouth_right": [
        0.8042677640914917,
        0.33594346046447754
    ],
    "left_shoulder": [
        0.706690788269043,
        0.42376887798309326
    ],
    "right_shoulder": [
        0.7297003269195557,
        0.43522557616233826
    ],
    "left_elbow": [
        0.7348941564559937,
        0.5855428576469421
    ],
    "right_elbow": [
        0.7463274002075195,
        0.6005963683128357
    ],
    "left_wrist": [
        0.7521973252296448,
        0.7042205929756165
    ],
    "right_wrist": [
        0.7652714252471924,
        0.7394828200340271
    ],
    "left_pinky": [
        0.7791738510131836,
        0.7112936973571777
    ],
    "right_pinky": [
        0.7991164922714233,
        0.7516117095947266
    ],
    "left_index": [
        0.786056637763977,
        0.7151394486427307
    ],
    "right_index": [
        0.8024708032608032,
        0.744217038154602
    ],
    "left_thumb": [
        0.7740172147750854,
        0.7140653133392334
    ],
    "right_thumb": [
        0.7906235456466675,
        0.7406405806541443
    ],
    "left_hip": [
        0.47307172417640686,
        0.4932516813278198
    ],
    "right_hip": [
        0.4842589199542999,
        0.5105891823768616
    ],
    "left_knee": [
        0.43774375319480896,
        0.6992740035057068
    ],
    "right_knee": [
        0.441389799118042,
        0.7252655029296875
    ],
    "left_ankle": [
        0.24413704872131348,
        0.69019615650177
    ],
    "right_ankle": [
        0.22007936239242554,
        0.7101408243179321
    ],
    "left_heel": [
        0.2254912108182907,
        0.6616109013557434
    ],
    "right_heel": [
        0.20034977793693542,
        0.6888412237167358
    ],
    "left_foot_index": [
        0.15173938870429993,
        0.7180733680725098
    ],
    "right_foot_index": [
        0.10296058654785156,
        0.7407407760620117
    ]
}