{
    "nose": [
        0.30341413617134094,
        0.6516669988632202
    ],
    "left_eye_inner": [
        0.2826926112174988,
        0.6365246772766113
    ],
    "left_eye": [
        0.28246745467185974,
        0.632167398929596
    ],
    "left_eye_outer": [
        0.28214144706726074,
        0.6275307536125183
    ],
    "right_eye_inner": [
        0.28270551562309265,
        0.6393810510635376
    ],
    "right_eye": [
        0.28237757086753845,
        0.6373190879821777
    ],
    "right_eye_outer": [
        0.28174537420272827,
        0.6349360346794128
    ],
    "left_ear": [
        0.2945353090763092,
        0.596203088760376
    ],
    "right_ear": [
        0.29165005683898926,
        0.6034882068634033
    ],
    "mouth_left": [
        0.32478630542755127,
        0.6407838463783264
    ],
    "mouth_right": [
        0.3274137079715729,
        0.6439403891563416
    ],
    "left_shoulder": [
        0.3959730863571167,
        0.5633615255355835
    ],
    "right_shoulder": [
        0.41253402829170227,
        0.5487183928489685
    ],
    "left_elbow": [
        0.5494904518127441,
        0.6934477090835571
    ],
    "right_elbow": [
        0.5440112352371216,
        0.6567199230194092
    ],
    "left_wrist": [
        0.5400173664093018,
        0.8450454473495483
    ],
    "right_wrist": [
        0.5494656562805176,
        0.8024259209632874
    ],
    "left_pinky": [
        0.5083218216896057,
        0.8646371960639954
    ],
    "right_pinky": [
        0.520983099937439,
        0.8270086050033569
    ],
    "left_index": [
        0.49183550477027893,
        0.8590794205665588
    ],
    "right_index": [
        0.5109788179397583,
        0.8283828496932983
    ],
    "left_thumb": [
        0.5060171484947205,
        0.8509165048599243
    ],
    "right_thumb": [
        0.5219331383705139,
        0.8225046396255493
    ],
    "left_hip": [
        0.5862571001052856,
        0.3068258464336395
    ],
    "right_hip": [
        0.5877874493598938,
        0.3022962510585785
    ],
    "left_knee": [
        0.4926428198814392,
        0.5519461035728455
    ],
    "right_knee": [
        0.49930596351623535,
        0.5414077043533325
    ],
    "left_ankle": [
        0.736137866973877,
        0.5052674412727356
    ],
    "right_ankle": [
        0.7356284856796265,
        0.5045511722564697
    ],
    "left_heel": [
        0.7534329295158386,
        0.4620038866996765
    ],
    "right_heel": [
        0.7499457001686096,
        0.46351882815361023
    ],
    "left_foot_index": [
        0.8528468608856201,
        0.5142238140106201
    ],
    "right_foot_index": [
        0.8568867444992065,
        0.5068753361701965
    ]
}