{
    "nose": [
        0.47801414132118225,
        0.6505831480026245
    ],
    "left_eye_inner": [
        0.45809441804885864,
        0.6651614904403687
    ],
    "left_eye": [
        0.4547445774078369,
        0.6645504236221313
    ],
    "left_eye_outer": [
        0.4514908194541931,
        0.6637378931045532
    ],
    "right_eye_inner": [
        0.4583858549594879,
        0.6655066013336182
    ],
    "right_eye": [
        0.45540207624435425,
        0.665193498134613
    ],
    "right_eye_outer": [
        0.45249730348587036,
        0.6648787260055542
    ],
    "left_ear": [
        0.43205201625823975,
        0.64570152759552
    ],
    "right_ear": [
        0.4349699020385742,
        0.6485174298286438
    ],
    "mouth_left": [
        0.4741745889186859,
        0.6332217454910278
    ],
    "mouth_right": [
        0.4756407141685486,
        0.6336137056350708
    ],
    "left_shoulder": [
        0.4182589650154114,
        0.5679247379302979
    ],
    "right_shoulder": [
        0.4316483736038208,
        0.5667656660079956
    ],
    "left_elbow": [
        0.3023344576358795,
        0.6826865673065186
    ],
    "right_elbow": [
        0.33680206537246704,
        0.6764815449714661
    ],
    "left_wrist": [
        0.16400757431983948,
        0.7788618803024292
    ],
    "right_wrist": [
        0.20956951379776,
        0.7517514824867249
    ],
    "left_pinky": [
        0.12010218948125839,
        0.7867076396942139
    ],
    "right_pinky": [
        0.15764543414115906,
        0.7611238956451416
    ],
    "left_index": [
        0.11521998047828674,
        0.7815369367599487
    ],
    "right_index": [
        0.14389699697494507,
        0.7641714811325073
    ],
    "left_thumb": [
        0.12934282422065735,
        0.7791646718978882
    ],
    "right_thumb": [
        0.1664104461669922,
        0.7593973875045776
    ],
    "left_hip": [
        0.6154652833938599,
        0.2972082793712616
    ],
    "right_hip": [
        0.5973270535469055,
        0.30748146772384644
    ],
    "left_knee": [
        0.7266181707382202,
        0.5099129676818848
    ],
    "right_knee": [
        0.7127336263656616,
        0.5070919990539551
    ],
    "left_ankle": [
        0.842275857925415,
        0.7275105714797974
    ],
    "right_ankle": [
        0.8188364505767822,
        0.7151336669921875
    ],
    "left_heel": [
        0.8836456537246704,
        0.7493550181388855
    ],
    "right_heel": [
        0.8538145422935486,
        0.7387984395027161
    ],
    "left_foot_index": [
        0.7688102126121521,
        0.7794064283370972
    ],
    "right_foot_index": [
        0.7496334314346313,
        0.7642112970352173
    ]
}