{
    "nose": [
        0.8149145841598511,
        0.4398263394832611
    ],
    "left_eye_inner": [
        0.8227969408035278,
        0.45105138421058655
    ],
    "left_eye": [
        0.8228021860122681,
        0.45599761605262756
    ],
    "left_eye_outer": [
        0.8227674961090088,
        0.4610445201396942
    ],
    "right_eye_inner": [
        0.8208768367767334,
        0.4400794506072998
    ],
    "right_eye": [
        0.8194544315338135,
        0.43780311942100525
    ],
    "right_eye_outer": [
        0.8181562423706055,
        0.4357178509235382
    ],
    "left_ear": [
        0.8076863288879395,
        0.4823882579803467
    ],
    "right_ear": [
        0.8043557405471802,
        0.44661465287208557
    ],
    "mouth_left": [
        0.8021928071975708,
        0.4532448649406433
    ],
    "mouth_right": [
        0.8001396059989929,
        0.43880173563957214
    ],
    "left_shoulder": [
        0.7086750268936157,
        0.5580046772956848
    ],
    "right_shoulder": [
        0.7169199585914612,
        0.39641866087913513
    ],
    "left_elbow": [
        0.6873714923858643,
        0.6914048194885254
    ],
    "right_elbow": [
        0.7066829800605774,
        0.2688312828540802
    ],
    "left_wrist": [
        0.6914154291152954,
        0.8088408708572388
    ],
    "right_wrist": [
        0.7120518684387207,
        0.15092647075653076
    ],
    "left_pinky": [
        0.6977694034576416,
        0.8340696096420288
    ],
    "right_pinky": [
        0.7041403651237488,
        0.11792820692062378
    ],
    "left_index": [
        0.7037301063537598,
        0.8376944661140442
    ],
    "right_index": [
        0.7078931927680969,
        0.1189025342464447
    ],
    "left_thumb": [
        0.7000099420547485,
        0.8290519714355469
    ],
    "right_thumb": [
        0.7094760537147522,
        0.12771451473236084
    ],
    "left_hip": [
        0.48893871903419495,
        0.5081289410591125
    ],
    "right_hip": [
        0.4713997542858124,
        0.4200884699821472
    ],
    "left_knee": [
        0.4744578003883362,
        0.6900975704193115
    ],
    "right_knee": [
        0.2889357805252075,
        0.4045451581478119
    ],
    "left_ankle": [
        0.48069196939468384,
        0.8677750825881958
    ],
    "right_ankle": [
        0.11189630627632141,
        0.38831305503845215
    ],
    "left_heel": [
        0.4632636606693268,
        0.9002401232719421
    ],
    "right_heel": [
        0.08537200093269348,
        0.3923269510269165
    ],
    "left_foot_index": [
        0.5643404126167297,
        0.9117196202278137
    ],
    "right_foot_index": [
        0.07023271918296814,
        0.34154823422431946
    ]
}