{
    "nose": [
        0.6392287015914917,
        0.31220826506614685
    ],
    "left_eye_inner": [
        0.64057856798172,
        0.29549741744995117
    ],
    "left_eye": [
        0.6409876346588135,
        0.294748455286026
    ],
    "left_eye_outer": [
        0.6414853930473328,
        0.29407739639282227
    ],
    "right_eye_inner": [
        0.6334716081619263,
        0.2948000431060791
    ],
    "right_eye": [
        0.628278911113739,
        0.2929530143737793
    ],
    "right_eye_outer": [
        0.6222665905952454,
        0.29101109504699707
    ],
    "left_ear": [
        0.6176292896270752,
        0.29179883003234863
    ],
    "right_ear": [
        0.5830109119415283,
        0.28639838099479675
    ],
    "mouth_left": [
        0.6310629844665527,
        0.3255326747894287
    ],
    "mouth_right": [
        0.6211696863174438,
        0.3243488073348999
    ],
    "left_shoulder": [
        0.6102352142333984,
        0.3489307761192322
    ],
    "right_shoulder": [
        0.49144768714904785,
        0.3191172480583191
    ],
    "left_elbow": [
        0.7242621183395386,
        0.3087712526321411
    ],
    "right_elbow": [
        0.37385064363479614,
        0.25772416591644287
    ],
    "left_wrist": [
        0.831702470779419,
        0.2679959237575531
    ],
    "right_wrist": [
        0.26142817735671997,
        0.20072945952415466
    ],
    "left_pinky": [
        0.8666121363639832,
        0.2546041011810303
    ],
    "right_pinky": [
        0.23625794053077698,
        0.18261483311653137
    ],
    "left_index": [
        0.8682578802108765,
        0.2518481910228729
    ],
    "right_index": [
        0.24057979881763458,
        0.1838318109512329
    ],
    "left_thumb": [
        0.8557409048080444,
        0.25535857677459717
    ],
    "right_thumb": [
        0.2481355369091034,
        0.1923060119152069
    ],
    "left_hip": [
        0.37856054306030273,
        0.5075132250785828
    ],
    "right_hip": [
        0.3365142345428467,
        0.46248331665992737
    ],
    "left_knee": [
        0.3510999083518982,
        0.6860398054122925
    ],
    "right_knee": [
        0.1571928858757019,
        0.41761574149131775
    ],
    "left_ankle": [
        0.3668070435523987,
        0.850206732749939
    ],
    "right_ankle": [
        0.22152303159236908,
        0.22202438116073608
    ],
    "left_heel": [
        0.35245734453201294,
        0.8786965608596802
    ],
    "right_heel": [
        0.24191145598888397,
        0.21374809741973877
    ],
    "left_foot_index": [
        0.4546933174133301,
        0.8961056470870972
    ],
    "right_foot_index": [
        0.2368135154247284,
        0.1541396677494049
    ]
}