{
    "nose": [
        0.49944397807121277,
        0.38799795508384705
    ],
    "left_eye_inner": [
        0.5138859748840332,
        0.394955039024353
    ],
    "left_eye": [
        0.5144693851470947,
        0.39761000871658325
    ],
    "left_eye_outer": [
        0.5150725841522217,
        0.4005497097969055
    ],
    "right_eye_inner": [
        0.5130261778831482,
        0.3934430778026581
    ],
    "right_eye": [
        0.5129834413528442,
        0.39481794834136963
    ],
    "right_eye_outer": [
        0.5130845904350281,
        0.3964872360229492
    ],
    "left_ear": [
        0.5111865997314453,
        0.42023876309394836
    ],
    "right_ear": [
        0.5112064480781555,
        0.4180436432361603
    ],
    "mouth_left": [
        0.48907819390296936,
        0.399396687746048
    ],
    "mouth_right": [
        0.48763909935951233,
        0.3965896964073181
    ],
    "left_shoulder": [
        0.47846147418022156,
        0.4527461528778076
    ],
    "right_shoulder": [
        0.45928651094436646,
        0.4738125205039978
    ],
    "left_elbow": [
        0.4719819724559784,
        0.3231227695941925
    ],
    "right_elbow": [
        0.4705626964569092,
        0.3419434130191803
    ],
    "left_wrist": [
        0.4980519115924835,
        0.21275973320007324
    ],
    "right_wrist": [
        0.49378734827041626,
        0.23686370253562927
    ],
    "left_pinky": [
        0.5085227489471436,
        0.18455496430397034
    ],
    "right_pinky": [
        0.5077638626098633,
        0.2104019820690155
    ],
    "left_index": [
        0.5173693299293518,
        0.18813097476959229
    ],
    "right_index": [
        0.5152749419212341,
        0.20966127514839172
    ],
    "left_thumb": [
        0.5148786902427673,
        0.1983204483985901
    ],
    "right_thumb": [
        0.5112324357032776,
        0.22080948948860168
    ],
    "left_hip": [
        0.5057054758071899,
        0.6851081848144531
    ],
    "right_hip": [
        0.45435360074043274,
        0.6961241960525513
    ],
    "left_knee": [
        0.698142409324646,
        0.7241660356521606
    ],
    "right_knee": [
        0.2788894772529602,
        0.7090101838111877
    ],
    "left_ankle": [
        0.877052903175354,
        0.7118068337440491
    ],
    "right_ankle": [
        0.10979458689689636,
        0.7141305804252625
    ],
    "left_heel": [
        0.8956708908081055,
        0.7091076374053955
    ],
    "right_heel": [
        0.08447334170341492,
        0.7376336455345154
    ],
    "left_foot_index": [
        0.9583193063735962,
        0.7258340120315552
    ],
    "right_foot_index": [
        0.06941881775856018,
        0.644592821598053
    ]
}