{
    "nose": [
        0.2897564172744751,
        0.530303418636322
    ],
    "left_eye_inner": [
        0.2747911512851715,
        0.5291217565536499
    ],
    "left_eye": [
        0.27505919337272644,
        0.5261895656585693
    ],
    "left_eye_outer": [
        0.27559083700180054,
        0.5234380960464478
    ],
    "right_eye_inner": [
        0.2750052809715271,
        0.542775571346283
    ],
    "right_eye": [
        0.2753499448299408,
        0.5492697954177856
    ],
    "right_eye_outer": [
        0.2758786976337433,
        0.5563009977340698
    ],
    "left_ear": [
        0.2823891043663025,
        0.5277166962623596
    ],
    "right_ear": [
        0.28084343671798706,
        0.5760002136230469
    ],
    "mouth_left": [
        0.30545663833618164,
        0.5266229510307312
    ],
    "mouth_right": [
        0.3052879571914673,
        0.541746199131012
    ],
    "left_shoulder": [
        0.3599557876586914,
        0.4731677174568176
    ],
    "right_shoulder": [
        0.3622651696205139,
        0.635993480682373
    ],
    "left_elbow": [
        0.36600780487060547,
        0.3278006613254547
    ],
    "right_elbow": [
        0.37971869111061096,
        0.7659444808959961
    ],
    "left_wrist": [
        0.35624563694000244,
        0.20003554224967957
    ],
    "right_wrist": [
        0.387132465839386,
        0.8885445594787598
    ],
    "left_pinky": [
        0.3511683940887451,
        0.16084840893745422
    ],
    "right_pinky": [
        0.35791078209877014,
        0.9047210216522217
    ],
    "left_index": [
        0.3442985713481903,
        0.16177913546562195
    ],
    "right_index": [
        0.35155847668647766,
        0.9050644636154175
    ],
    "left_thumb": [
        0.34741848707199097,
        0.1758991777896881
    ],
    "right_thumb": [
        0.3633035719394684,
        0.9000053405761719
    ],
    "left_hip": [
        0.5967722535133362,
        0.5399186611175537
    ],
    "right_hip": [
        0.6060506105422974,
        0.5669675469398499
    ],
    "left_knee": [
        0.4719622731208801,
        0.7195224761962891
    ],
    "right_knee": [
        0.7265036106109619,
        0.6968671083450317
    ],
    "left_ankle": [
        0.3679787218570709,
        0.8743004202842712
    ],
    "right_ankle": [
        0.8376975655555725,
        0.8437337875366211
    ],
    "left_heel": [
        0.3686560392379761,
        0.9038761854171753
    ],
    "right_heel": [
        0.8768072128295898,
        0.8650614023208618
    ],
    "left_foot_index": [
        0.2709391117095947,
        0.9015927314758301
    ],
    "right_foot_index": [
        0.8336364030838013,
        0.8716127872467041
    ]
}