{
    "nose": [
        0.8802292346954346,
        0.6863774061203003
    ],
    "left_eye_inner": [
        0.8742763996124268,
        0.7078288793563843
    ],
    "left_eye": [
        0.8714454770088196,
        0.7098086476325989
    ],
    "left_eye_outer": [
        0.8685812950134277,
        0.7119810581207275
    ],
    "right_eye_inner": [
        0.8762952089309692,
        0.7055590152740479
    ],
    "right_eye": [
        0.8748229742050171,
        0.7059633135795593
    ],
    "right_eye_outer": [
        0.8731587529182434,
        0.7065765261650085
    ],
    "left_ear": [
        0.8434891700744629,
        0.7084434628486633
    ],
    "right_ear": [
        0.8480849266052246,
        0.7053231000900269
    ],
    "mouth_left": [
        0.8636231422424316,
        0.6720807552337646
    ],
    "mouth_right": [
        0.8654839992523193,
        0.6688663363456726
    ],
    "left_shoulder": [
        0.7690416574478149,
        0.6366536617279053
    ],
    "right_shoulder": [
        0.736422598361969,
        0.6408581733703613
    ],
    "left_elbow": [
        0.6670914888381958,
        0.49107417464256287
    ],
    "right_elbow": [
        0.6509901285171509,
        0.5018918514251709
    ],
    "left_wrist": [
        0.6190530061721802,
        0.3510321080684662
    ],
    "right_wrist": [
        0.6057372093200684,
        0.3613249957561493
    ],
    "left_pinky": [
        0.5965120792388916,
        0.32246243953704834
    ],
    "right_pinky": [
        0.588280439376831,
        0.32379359006881714
    ],
    "left_index": [
        0.6033210754394531,
        0.31450068950653076
    ],
    "right_index": [
        0.5931491851806641,
        0.3204192519187927
    ],
    "left_thumb": [
        0.609954297542572,
        0.3232271373271942
    ],
    "right_thumb": [
        0.5974389314651489,
        0.33265626430511475
    ],
    "left_hip": [
        0.459992378950119,
        0.7189670205116272
    ],
    "right_hip": [
        0.45539072155952454,
        0.718102216720581
    ],
    "left_knee": [
        0.2828940749168396,
        0.5506842136383057
    ],
    "right_knee": [
        0.280164897441864,
        0.5489994883537292
    ],
    "left_ankle": [
        0.1230010986328125,
        0.38044682145118713
    ],
    "right_ankle": [
        0.13009846210479736,
        0.3866228461265564
    ],
    "left_heel": [
        0.09645259380340576,
        0.37835416197776794
    ],
    "right_heel": [
        0.10202810168266296,
        0.3866683542728424
    ],
    "left_foot_index": [
        0.0771242082118988,
        0.27739834785461426
    ],
    "right_foot_index": [
        0.08380898833274841,
        0.2879718840122223
    ]
}