{
    "nose": [
        0.8053121566772461,
        0.48108574748039246
    ],
    "left_eye_inner": [
        0.821897029876709,
        0.46905916929244995
    ],
    "left_eye": [
        0.8221275210380554,
        0.46711060404777527
    ],
    "left_eye_outer": [
        0.8224537968635559,
        0.46483346819877625
    ],
    "right_eye_inner": [
        0.8217216730117798,
        0.46677979826927185
    ],
    "right_eye": [
        0.8217049837112427,
        0.4633867144584656
    ],
    "right_eye_outer": [
        0.8215657472610474,
        0.4595573842525482
    ],
    "left_ear": [
        0.8105654716491699,
        0.4405120313167572
    ],
    "right_ear": [
        0.8089569807052612,
        0.4358855187892914
    ],
    "mouth_left": [
        0.7856999635696411,
        0.4772346615791321
    ],
    "mouth_right": [
        0.7843338847160339,
        0.47380930185317993
    ],
    "left_shoulder": [
        0.6995925903320312,
        0.4365561604499817
    ],
    "right_shoulder": [
        0.7117743492126465,
        0.44482308626174927
    ],
    "left_elbow": [
        0.704470157623291,
        0.5934605002403259
    ],
    "right_elbow": [
        0.7136461734771729,
        0.6179218292236328
    ],
    "left_wrist": [
        0.7262846827507019,
        0.7249943614006042
    ],
    "right_wrist": [
        0.738176703453064,
        0.7555136680603027
    ],
    "left_pinky": [
        0.7580850720405579,
        0.7332561612129211
    ],
    "right_pinky": [
        0.7718426585197449,
        0.7679921984672546
    ],
    "left_index": [
        0.7629575133323669,
        0.7355653047561646
    ],
    "right_index": [
        0.779521107673645,
        0.7605061531066895
    ],
    "left_thumb": [
        0.7507614493370056,
        0.733834981918335
    ],
    "right_thumb": [
        0.7688306570053101,
        0.7566099166870117
    ],
    "left_hip": [
        0.44107234477996826,
        0.49167507886886597
    ],
    "right_hip": [
        0.43154892325401306,
        0.49931445717811584
    ],
    "left_knee": [
        0.4290351867675781,
        0.7102398872375488
    ],
    "right_knee": [
        0.417849600315094,
        0.7335710525512695
    ],
    "left_ankle": [
        0.22405299544334412,
        0.6932508945465088
    ],
    "right_ankle": [
        0.18933942914009094,
        0.7181391716003418
    ],
    "left_heel": [
        0.20646359026432037,
        0.6585338115692139
    ],
    "right_heel": [
        0.17044539749622345,
        0.6846385598182678
    ],
    "left_foot_index": [
        0.13182306289672852,
        0.7190283536911011
    ],
    "right_foot_index": [
        0.08381408452987671,
        0.7417687773704529
    ]
}