{
    "nose": [
        0.7618570327758789,
        0.5325521230697632
    ],
    "left_eye_inner": [
        0.7693777680397034,
        0.5479224920272827
    ],
    "left_eye": [
        0.7672415971755981,
        0.5536115765571594
    ],
    "left_eye_outer": [
        0.7652612924575806,
        0.5596033334732056
    ],
    "right_eye_inner": [
        0.7725400924682617,
        0.536638617515564
    ],
    "right_eye": [
        0.772668182849884,
        0.5343897938728333
    ],
    "right_eye_outer": [
        0.7728148698806763,
        0.5323248505592346
    ],
    "left_ear": [
        0.7471827268600464,
        0.5755717158317566
    ],
    "right_ear": [
        0.7591918706893921,
        0.5399199724197388
    ],
    "mouth_left": [
        0.7436545491218567,
        0.5389481782913208
    ],
    "mouth_right": [
        0.7473379969596863,
        0.5261006355285645
    ],
    "left_shoulder": [
        0.6456515789031982,
        0.6187885403633118
    ],
    "right_shoulder": [
        0.6856567859649658,
        0.46066486835479736
    ],
    "left_elbow": [
        0.6450774669647217,
        0.7648226022720337
    ],
    "right_elbow": [
        0.693453311920166,
        0.3264576196670532
    ],
    "left_wrist": [
        0.6727100014686584,
        0.8630279302597046
    ],
    "right_wrist": [
        0.7115861177444458,
        0.19295305013656616
    ],
    "left_pinky": [
        0.6897165179252625,
        0.8781310319900513
    ],
    "right_pinky": [
        0.711027979850769,
        0.15241065621376038
    ],
    "left_index": [
        0.6960922479629517,
        0.8780708312988281
    ],
    "right_index": [
        0.7149614095687866,
        0.15268737077713013
    ],
    "left_thumb": [
        0.6899310350418091,
        0.872909426689148
    ],
    "right_thumb": [
        0.7142640948295593,
        0.16361138224601746
    ],
    "left_hip": [
        0.45608431100845337,
        0.5728731751441956
    ],
    "right_hip": [
        0.3992704749107361,
        0.5143546462059021
    ],
    "left_knee": [
        0.5962390303611755,
        0.7320318222045898
    ],
    "right_knee": [
        0.2871898114681244,
        0.6859573125839233
    ],
    "left_ankle": [
        0.7305454015731812,
        0.8679821491241455
    ],
    "right_ankle": [
        0.20733162760734558,
        0.8397476673126221
    ],
    "left_heel": [
        0.7316123247146606,
        0.8890179395675659
    ],
    "right_heel": [
        0.18928833305835724,
        0.8660002946853638
    ],
    "left_foot_index": [
        0.8280115127563477,
        0.8761336207389832
    ],
    "right_foot_index": [
        0.19673842191696167,
        0.9206487536430359
    ]
}