{
    "nose": [
        0.4567490220069885,
        0.2842468023300171
    ],
    "left_eye_inner": [
        0.47193193435668945,
        0.26948606967926025
    ],
    "left_eye": [
        0.47796180844306946,
        0.2696521580219269
    ],
    "left_eye_outer": [
        0.48493513464927673,
        0.2699521481990814
    ],
    "right_eye_inner": [
        0.4627458155155182,
        0.2685214579105377
    ],
    "right_eye": [
        0.4618286192417145,
        0.2679750919342041
    ],
    "right_eye_outer": [
        0.4610383212566376,
        0.26715388894081116
    ],
    "left_ear": [
        0.5129606127738953,
        0.2816990911960602
    ],
    "right_ear": [
        0.4840657114982605,
        0.2734483480453491
    ],
    "mouth_left": [
        0.4698866903781891,
        0.30218300223350525
    ],
    "mouth_right": [
        0.45766404271125793,
        0.2999311685562134
    ],
    "left_shoulder": [
        0.5965293645858765,
        0.36602461338043213
    ],
    "right_shoulder": [
        0.43179792165756226,
        0.362787127494812
    ],
    "left_elbow": [
        0.7358654737472534,
        0.36010903120040894
    ],
    "right_elbow": [
        0.294640451669693,
        0.3489774465560913
    ],
    "left_wrist": [
        0.8450727462768555,
        0.36031341552734375
    ],
    "right_wrist": [
        0.17994526028633118,
        0.3385465443134308
    ],
    "left_pinky": [
        0.8820929527282715,
        0.3575282692909241
    ],
    "right_pinky": [
        0.14155039191246033,
        0.33541226387023926
    ],
    "left_index": [
        0.8857017755508423,
        0.3529123067855835
    ],
    "right_index": [
        0.13862907886505127,
        0.33249253034591675
    ],
    "left_thumb": [
        0.8733956813812256,
        0.3555052876472473
    ],
    "right_thumb": [
        0.15019860863685608,
        0.335666686296463
    ],
    "left_hip": [
        0.5839753150939941,
        0.598212480545044
    ],
    "right_hip": [
        0.47541776299476624,
        0.5909372568130493
    ],
    "left_knee": [
        0.7209665179252625,
        0.7182184457778931
    ],
    "right_knee": [
        0.3131449818611145,
        0.6410466432571411
    ],
    "left_ankle": [
        0.8522383570671082,
        0.8338127136230469
    ],
    "right_ankle": [
        0.273371160030365,
        0.8257049918174744
    ],
    "left_heel": [
        0.862106442451477,
        0.8451749086380005
    ],
    "right_heel": [
        0.29231369495391846,
        0.8568840026855469
    ],
    "left_foot_index": [
        0.8766810297966003,
        0.878507137298584
    ],
    "right_foot_index": [
        0.18723690509796143,
        0.8631298542022705
    ]
}