{
    "nose": [
        0.5037806630134583,
        0.30110877752304077
    ],
    "left_eye_inner": [
        0.5203230381011963,
        0.27697697281837463
    ],
    "left_eye": [
        0.5295908451080322,
        0.2763083279132843
    ],
    "left_eye_outer": [
        0.5372641086578369,
        0.27595147490501404
    ],
    "right_eye_inner": [
        0.4884727895259857,
        0.2773829698562622
    ],
    "right_eye": [
        0.4777279496192932,
        0.2774862051010132
    ],
    "right_eye_outer": [
        0.4690220355987549,
        0.27733999490737915
    ],
    "left_ear": [
        0.5521372556686401,
        0.28489914536476135
    ],
    "right_ear": [
        0.4598774015903473,
        0.28811898827552795
    ],
    "mouth_left": [
        0.5212538838386536,
        0.3263474404811859
    ],
    "mouth_right": [
        0.4862262010574341,
        0.32658034563064575
    ],
    "left_shoulder": [
        0.6276063323020935,
        0.44663169980049133
    ],
    "right_shoulder": [
        0.37309321761131287,
        0.44739261269569397
    ],
    "left_elbow": [
        0.6176150441169739,
        0.643952488899231
    ],
    "right_elbow": [
        0.39549320936203003,
        0.6434735059738159
    ],
    "left_wrist": [
        0.557942807674408,
        0.7840291261672974
    ],
    "right_wrist": [
        0.42250603437423706,
        0.787187397480011
    ],
    "left_pinky": [
        0.5396723747253418,
        0.8279754519462585
    ],
    "right_pinky": [
        0.434474378824234,
        0.8315474390983582
    ],
    "left_index": [
        0.523786187171936,
        0.8124756813049316
    ],
    "right_index": [
        0.45012107491493225,
        0.8182651400566101
    ],
    "left_thumb": [
        0.5256732702255249,
        0.7982562184333801
    ],
    "right_thumb": [
        0.4501326382160187,
        0.8028866648674011
    ],
    "left_hip": [
        0.5795843005180359,
        0.7389256358146667
    ],
    "right_hip": [
        0.4325364828109741,
        0.751088559627533
    ],
    "left_knee": [
        0.8557124137878418,
        0.7103975415229797
    ],
    "right_knee": [
        0.123735211789608,
        0.7264602780342102
    ],
    "left_ankle": [
        0.5718083381652832,
        0.808700680732727
    ],
    "right_ankle": [
        0.41972222924232483,
        0.8166606426239014
    ],
    "left_heel": [
        0.542789101600647,
        0.8020873069763184
    ],
    "right_heel": [
        0.4468371272087097,
        0.8075212836265564
    ],
    "left_foot_index": [
        0.5068239569664001,
        0.8092131018638611
    ],
    "right_foot_index": [
        0.4859744608402252,
        0.8164166212081909
    ]
}