{
    "nose": [
        0.7907191514968872,
        0.6362388730049133
    ],
    "left_eye_inner": [
        0.8058075308799744,
        0.6494472026824951
    ],
    "left_eye": [
        0.8060901165008545,
        0.6520932912826538
    ],
    "left_eye_outer": [
        0.806472659111023,
        0.6550127267837524
    ],
    "right_eye_inner": [
        0.8048598766326904,
        0.6484806537628174
    ],
    "right_eye": [
        0.8044650554656982,
        0.6503897309303284
    ],
    "right_eye_outer": [
        0.8042274117469788,
        0.6526318788528442
    ],
    "left_ear": [
        0.7968834638595581,
        0.6847443580627441
    ],
    "right_ear": [
        0.795081615447998,
        0.6827471852302551
    ],
    "mouth_left": [
        0.7678967714309692,
        0.6441982984542847
    ],
    "mouth_right": [
        0.7650513052940369,
        0.6427133083343506
    ],
    "left_shoulder": [
        0.6708247065544128,
        0.7100409269332886
    ],
    "right_shoulder": [
        0.6707390546798706,
        0.683200478553772
    ],
    "left_elbow": [
        0.5022048950195312,
        0.727374255657196
    ],
    "right_elbow": [
        0.5067681074142456,
        0.714883029460907
    ],
    "left_wrist": [
        0.34761443734169006,
        0.7235798835754395
    ],
    "right_wrist": [
        0.3536231517791748,
        0.7238143682479858
    ],
    "left_pinky": [
        0.3032180070877075,
        0.7206329703330994
    ],
    "right_pinky": [
        0.31317138671875,
        0.7167706489562988
    ],
    "left_index": [
        0.3060964345932007,
        0.7007713913917542
    ],
    "right_index": [
        0.30468058586120605,
        0.7095332145690918
    ],
    "left_thumb": [
        0.31931787729263306,
        0.697226345539093
    ],
    "right_thumb": [
        0.33975425362586975,
        0.7012468576431274
    ],
    "left_hip": [
        0.45756712555885315,
        0.5102408528327942
    ],
    "right_hip": [
        0.4635215997695923,
        0.5014584064483643
    ],
    "left_knee": [
        0.18763279914855957,
        0.4369254410266876
    ],
    "right_knee": [
        0.2173149287700653,
        0.4385227859020233
    ],
    "left_ankle": [
        0.21145351231098175,
        0.6902287602424622
    ],
    "right_ankle": [
        0.21456144750118256,
        0.6768510341644287
    ],
    "left_heel": [
        0.23934930562973022,
        0.7100879549980164
    ],
    "right_heel": [
        0.2520385980606079,
        0.6951398849487305
    ],
    "left_foot_index": [
        0.12047818303108215,
        0.7489135265350342
    ],
    "right_foot_index": [
        0.16648080945014954,
        0.7274236083030701
    ]
}