{
    "nose": [
        0.7137278914451599,
        0.3194754421710968
    ],
    "left_eye_inner": [
        0.7164116501808167,
        0.34134387969970703
    ],
    "left_eye": [
        0.7142834663391113,
        0.34414687752723694
    ],
    "left_eye_outer": [
        0.7124034762382507,
        0.3469277024269104
    ],
    "right_eye_inner": [
        0.7169927954673767,
        0.3401109576225281
    ],
    "right_eye": [
        0.7152400612831116,
        0.34215548634529114
    ],
    "right_eye_outer": [
        0.7137265205383301,
        0.3442566692829132
    ],
    "left_ear": [
        0.6859128475189209,
        0.3653288185596466
    ],
    "right_ear": [
        0.6893432140350342,
        0.3603192865848541
    ],
    "mouth_left": [
        0.6931552886962891,
        0.31531524658203125
    ],
    "mouth_right": [
        0.6925808191299438,
        0.31216245889663696
    ],
    "left_shoulder": [
        0.5951913595199585,
        0.39024847745895386
    ],
    "right_shoulder": [
        0.5862228870391846,
        0.37503495812416077
    ],
    "left_elbow": [
        0.5806959271430969,
        0.5674700736999512
    ],
    "right_elbow": [
        0.5800419449806213,
        0.5330237150192261
    ],
    "left_wrist": [
        0.6281270980834961,
        0.7538834810256958
    ],
    "right_wrist": [
        0.6164305806159973,
        0.6867710947990417
    ],
    "left_pinky": [
        0.6486623287200928,
        0.7882297039031982
    ],
    "right_pinky": [
        0.6292181015014648,
        0.7021567821502686
    ],
    "left_index": [
        0.6482824087142944,
        0.7888225317001343
    ],
    "right_index": [
        0.6332229971885681,
        0.7015286684036255
    ],
    "left_thumb": [
        0.6409480571746826,
        0.7787083387374878
    ],
    "right_thumb": [
        0.624729335308075,
        0.6851485371589661
    ],
    "left_hip": [
        0.3068576753139496,
        0.5147525072097778
    ],
    "right_hip": [
        0.30741894245147705,
        0.5008350014686584
    ],
    "left_knee": [
        0.32682567834854126,
        0.8273009657859802
    ],
    "right_knee": [
        0.3398524820804596,
        0.7446951270103455
    ],
    "left_ankle": [
        0.6198438405990601,
        0.8032575845718384
    ],
    "right_ankle": [
        0.6173168420791626,
        0.7540243864059448
    ],
    "left_heel": [
        0.6443264484405518,
        0.7904887199401855
    ],
    "right_heel": [
        0.6314584016799927,
        0.7398552298545837
    ],
    "left_foot_index": [
        0.7316141128540039,
        0.8433264493942261
    ],
    "right_foot_index": [
        0.7010304927825928,
        0.8044513463973999
    ]
}