{
    "nose": [
        0.5062729716300964,
        0.29120591282844543
    ],
    "left_eye_inner": [
        0.522625744342804,
        0.2639748454093933
    ],
    "left_eye": [
        0.5313079357147217,
        0.26292335987091064
    ],
    "left_eye_outer": [
        0.5393674969673157,
        0.26214855909347534
    ],
    "right_eye_inner": [
        0.49215126037597656,
        0.26573067903518677
    ],
    "right_eye": [
        0.48147809505462646,
        0.26506537199020386
    ],
    "right_eye_outer": [
        0.4719637930393219,
        0.2638246417045593
    ],
    "left_ear": [
        0.551592230796814,
        0.26720941066741943
    ],
    "right_ear": [
        0.45947548747062683,
        0.2686682641506195
    ],
    "mouth_left": [
        0.5227689146995544,
        0.31600773334503174
    ],
    "mouth_right": [
        0.48734375834465027,
        0.31405919790267944
    ],
    "left_shoulder": [
        0.6291635036468506,
        0.41470298171043396
    ],
    "right_shoulder": [
        0.36692893505096436,
        0.41497913002967834
    ],
    "left_elbow": [
        0.6813139915466309,
        0.6056321263313293
    ],
    "right_elbow": [
        0.32496485114097595,
        0.6128280162811279
    ],
    "left_wrist": [
        0.7726246118545532,
        0.6385449171066284
    ],
    "right_wrist": [
        0.28420305252075195,
        0.6459667682647705
    ],
    "left_pinky": [
        0.7994563579559326,
        0.6757894158363342
    ],
    "right_pinky": [
        0.24830669164657593,
        0.6806177496910095
    ],
    "left_index": [
        0.786468505859375,
        0.6624034643173218
    ],
    "right_index": [
        0.2639274597167969,
        0.6720587015151978
    ],
    "left_thumb": [
        0.7757086753845215,
        0.649059534072876
    ],
    "right_thumb": [
        0.28047898411750793,
        0.6611963510513306
    ],
    "left_hip": [
        0.5753994584083557,
        0.7326011657714844
    ],
    "right_hip": [
        0.42758455872535706,
        0.7384684085845947
    ],
    "left_knee": [
        0.774868905544281,
        0.6824033260345459
    ],
    "right_knee": [
        0.25228264927864075,
        0.7150524854660034
    ],
    "left_ankle": [
        0.4636038839817047,
        0.8243700861930847
    ],
    "right_ankle": [
        0.5808442234992981,
        0.8405815362930298
    ],
    "left_heel": [
        0.43718039989471436,
        0.8043421506881714
    ],
    "right_heel": [
        0.5907132029533386,
        0.8256992697715759
    ],
    "left_foot_index": [
        0.34100598096847534,
        0.8278539776802063
    ],
    "right_foot_index": [
        0.7152038812637329,
        0.8425235748291016
    ]
}