{
    "nose": [
        0.11836141347885132,
        0.6388092041015625
    ],
    "left_eye_inner": [
        0.10663625597953796,
        0.6240957379341125
    ],
    "left_eye": [
        0.10730516910552979,
        0.6218103170394897
    ],
    "left_eye_outer": [
        0.10784772038459778,
        0.619206428527832
    ],
    "right_eye_inner": [
        0.10679599642753601,
        0.6235005855560303
    ],
    "right_eye": [
        0.10759159922599792,
        0.6208528280258179
    ],
    "right_eye_outer": [
        0.10813885927200317,
        0.6179057955741882
    ],
    "left_ear": [
        0.12410765141248703,
        0.5990794897079468
    ],
    "right_ear": [
        0.1226574182510376,
        0.5975412130355835
    ],
    "mouth_left": [
        0.13753950595855713,
        0.638088047504425
    ],
    "mouth_right": [
        0.13879725337028503,
        0.6377342343330383
    ],
    "left_shoulder": [
        0.2175983190536499,
        0.6012750267982483
    ],
    "right_shoulder": [
        0.22922907769680023,
        0.5773342251777649
    ],
    "left_elbow": [
        0.35577845573425293,
        0.5924707651138306
    ],
    "right_elbow": [
        0.3631489872932434,
        0.5816025137901306
    ],
    "left_wrist": [
        0.3256300091743469,
        0.7096989154815674
    ],
    "right_wrist": [
        0.3318306505680084,
        0.6731107831001282
    ],
    "left_pinky": [
        0.295284241437912,
        0.7264488339424133
    ],
    "right_pinky": [
        0.30148935317993164,
        0.6775037050247192
    ],
    "left_index": [
        0.28658056259155273,
        0.7190435528755188
    ],
    "right_index": [
        0.2976939082145691,
        0.6824361681938171
    ],
    "left_thumb": [
        0.2940047085285187,
        0.7139787673950195
    ],
    "right_thumb": [
        0.3078301250934601,
        0.6808555126190186
    ],
    "left_hip": [
        0.47332847118377686,
        0.6124350428581238
    ],
    "right_hip": [
        0.4725445508956909,
        0.5879932641983032
    ],
    "left_knee": [
        0.6880475878715515,
        0.6255967020988464
    ],
    "right_knee": [
        0.6824915409088135,
        0.6132897734642029
    ],
    "left_ankle": [
        0.8897443413734436,
        0.6399407386779785
    ],
    "right_ankle": [
        0.8760093450546265,
        0.6333346366882324
    ],
    "left_heel": [
        0.9256408214569092,
        0.6247147917747498
    ],
    "right_heel": [
        0.9132205843925476,
        0.6205694675445557
    ],
    "left_foot_index": [
        0.8974003195762634,
        0.7227024435997009
    ],
    "right_foot_index": [
        0.8843196630477905,
        0.7094741463661194
    ]
}