{
    "nose": [
        0.5048418045043945,
        0.3432711064815521
    ],
    "left_eye_inner": [
        0.5185640454292297,
        0.3188534379005432
    ],
    "left_eye": [
        0.5267276763916016,
        0.3175974488258362
    ],
    "left_eye_outer": [
        0.53432697057724,
        0.31598103046417236
    ],
    "right_eye_inner": [
        0.49024996161460876,
        0.31794247031211853
    ],
    "right_eye": [
        0.48072925209999084,
        0.31629180908203125
    ],
    "right_eye_outer": [
        0.47252529859542847,
        0.3144419193267822
    ],
    "left_ear": [
        0.5465002059936523,
        0.312212198972702
    ],
    "right_ear": [
        0.46136772632598877,
        0.31236305832862854
    ],
    "mouth_left": [
        0.5191760659217834,
        0.36076000332832336
    ],
    "mouth_right": [
        0.48838624358177185,
        0.36099743843078613
    ],
    "left_shoulder": [
        0.6132542490959167,
        0.41242527961730957
    ],
    "right_shoulder": [
        0.38379013538360596,
        0.4172855317592621
    ],
    "left_elbow": [
        0.6959909200668335,
        0.5894674062728882
    ],
    "right_elbow": [
        0.2999216914176941,
        0.5877164006233215
    ],
    "left_wrist": [
        0.5225432515144348,
        0.5682078003883362
    ],
    "right_wrist": [
        0.47106555104255676,
        0.5654033422470093
    ],
    "left_pinky": [
        0.5018364787101746,
        0.5356581211090088
    ],
    "right_pinky": [
        0.49494192004203796,
        0.5323792695999146
    ],
    "left_index": [
        0.50273597240448,
        0.517582356929779
    ],
    "right_index": [
        0.49435243010520935,
        0.5172243714332581
    ],
    "left_thumb": [
        0.5071127414703369,
        0.5288779735565186
    ],
    "right_thumb": [
        0.4897397756576538,
        0.5261385440826416
    ],
    "left_hip": [
        0.5702260136604309,
        0.6618158221244812
    ],
    "right_hip": [
        0.44100311398506165,
        0.6528224349021912
    ],
    "left_knee": [
        0.7511054277420044,
        0.5574537515640259
    ],
    "right_knee": [
        0.25181132555007935,
        0.5623930096626282
    ],
    "left_ankle": [
        0.7479799389839172,
        0.8215640783309937
    ],
    "right_ankle": [
        0.2585819959640503,
        0.8218185901641846
    ],
    "left_heel": [
        0.7261384129524231,
        0.861782431602478
    ],
    "right_heel": [
        0.2810506224632263,
        0.8611522912979126
    ],
    "left_foot_index": [
        0.8433863520622253,
        0.8677151799201965
    ],
    "right_foot_index": [
        0.15581071376800537,
        0.8673070073127747
    ]
}