{
    "nose": [
        0.25973033905029297,
        0.4444962739944458
    ],
    "left_eye_inner": [
        0.25441014766693115,
        0.4229664206504822
    ],
    "left_eye": [
        0.25665387511253357,
        0.41976168751716614
    ],
    "left_eye_outer": [
        0.2588072121143341,
        0.4163558781147003
    ],
    "right_eye_inner": [
        0.25251132249832153,
        0.4257834851741791
    ],
    "right_eye": [
        0.25345057249069214,
        0.4246755838394165
    ],
    "right_eye_outer": [
        0.25428512692451477,
        0.42338794469833374
    ],
    "left_ear": [
        0.28397369384765625,
        0.4029098451137543
    ],
    "right_ear": [
        0.27779993414878845,
        0.4093380868434906
    ],
    "mouth_left": [
        0.28379198908805847,
        0.4487926959991455
    ],
    "mouth_right": [
        0.282111793756485,
        0.45275893807411194
    ],
    "left_shoulder": [
        0.4033548831939697,
        0.41846925020217896
    ],
    "right_shoulder": [
        0.4274931848049164,
        0.4319472908973694
    ],
    "left_elbow": [
        0.4784579277038574,
        0.6044124364852905
    ],
    "right_elbow": [
        0.4955916106700897,
        0.600928783416748
    ],
    "left_wrist": [
        0.5029380917549133,
        0.7652298212051392
    ],
    "right_wrist": [
        0.5102846622467041,
        0.767618715763092
    ],
    "left_pinky": [
        0.5178827047348022,
        0.8084709644317627
    ],
    "right_pinky": [
        0.5195915102958679,
        0.8092114925384521
    ],
    "left_index": [
        0.5050396919250488,
        0.8152295351028442
    ],
    "right_index": [
        0.5089332461357117,
        0.8162165880203247
    ],
    "left_thumb": [
        0.49766629934310913,
        0.8036407232284546
    ],
    "right_thumb": [
        0.5045866370201111,
        0.8052356243133545
    ],
    "left_hip": [
        0.6870183348655701,
        0.27996739745140076
    ],
    "right_hip": [
        0.6916776895523071,
        0.2964514195919037
    ],
    "left_knee": [
        0.6967918276786804,
        0.5508249998092651
    ],
    "right_knee": [
        0.698645830154419,
        0.5501346588134766
    ],
    "left_ankle": [
        0.6903882622718811,
        0.8240376710891724
    ],
    "right_ankle": [
        0.689385175704956,
        0.8139684200286865
    ],
    "left_heel": [
        0.715419590473175,
        0.8598508834838867
    ],
    "right_heel": [
        0.7125861644744873,
        0.8516342639923096
    ],
    "left_foot_index": [
        0.5556797385215759,
        0.8744891881942749
    ],
    "right_foot_index": [
        0.55474853515625,
        0.8608373403549194
    ]
}