{
    "nose": [
        0.49633127450942993,
        0.31213006377220154
    ],
    "left_eye_inner": [
        0.503167986869812,
        0.28722551465034485
    ],
    "left_eye": [
        0.5070980191230774,
        0.2865290939807892
    ],
    "left_eye_outer": [
        0.5114936232566833,
        0.2855547368526459
    ],
    "right_eye_inner": [
        0.4987071752548218,
        0.2862352132797241
    ],
    "right_eye": [
        0.49981066584587097,
        0.2849040925502777
    ],
    "right_eye_outer": [
        0.5012321472167969,
        0.28334566950798035
    ],
    "left_ear": [
        0.5490719079971313,
        0.28329408168792725
    ],
    "right_ear": [
        0.5434134602546692,
        0.281949520111084
    ],
    "mouth_left": [
        0.5146825313568115,
        0.33518239855766296
    ],
    "mouth_right": [
        0.5105816721916199,
        0.3353412449359894
    ],
    "left_shoulder": [
        0.6108675599098206,
        0.4314013123512268
    ],
    "right_shoulder": [
        0.5836347341537476,
        0.42063766717910767
    ],
    "left_elbow": [
        0.5476824641227722,
        0.6211066246032715
    ],
    "right_elbow": [
        0.5399590730667114,
        0.59037846326828
    ],
    "left_wrist": [
        0.4865556061267853,
        0.5320844650268555
    ],
    "right_wrist": [
        0.4796702563762665,
        0.509589672088623
    ],
    "left_pinky": [
        0.4517509341239929,
        0.5034672617912292
    ],
    "right_pinky": [
        0.45971250534057617,
        0.48126259446144104
    ],
    "left_index": [
        0.4806666672229767,
        0.4818069636821747
    ],
    "right_index": [
        0.47293180227279663,
        0.4675755202770233
    ],
    "left_thumb": [
        0.49573418498039246,
        0.49130815267562866
    ],
    "right_thumb": [
        0.48399049043655396,
        0.48004528880119324
    ],
    "left_hip": [
        0.5986077189445496,
        0.7572246193885803
    ],
    "right_hip": [
        0.5720399022102356,
        0.7270735502243042
    ],
    "left_knee": [
        0.26975217461586,
        0.8083286881446838
    ],
    "right_knee": [
        0.28683191537857056,
        0.7972930073738098
    ],
    "left_ankle": [
        0.5668293833732605,
        0.8372560739517212
    ],
    "right_ankle": [
        0.5439993739128113,
        0.8123682737350464
    ],
    "left_heel": [
        0.5940576791763306,
        0.8080195188522339
    ],
    "right_heel": [
        0.583324670791626,
        0.7878395318984985
    ],
    "left_foot_index": [
        0.6689861416816711,
        0.8629736304283142
    ],
    "right_foot_index": [
        0.6507651209831238,
        0.8484299182891846
    ]
}