{
    "nose": [
        0.13884493708610535,
        0.5234084129333496
    ],
    "left_eye_inner": [
        0.1252865195274353,
        0.5091820955276489
    ],
    "left_eye": [
        0.12581366300582886,
        0.5064718127250671
    ],
    "left_eye_outer": [
        0.12638509273529053,
        0.5033975839614868
    ],
    "right_eye_inner": [
        0.12496600300073624,
        0.5097271203994751
    ],
    "right_eye": [
        0.12524127960205078,
        0.5076156854629517
    ],
    "right_eye_outer": [
        0.12555062770843506,
        0.5050809383392334
    ],
    "left_ear": [
        0.1416640281677246,
        0.48139727115631104
    ],
    "right_ear": [
        0.140565425157547,
        0.4831902086734772
    ],
    "mouth_left": [
        0.1584862470626831,
        0.5219163298606873
    ],
    "mouth_right": [
        0.15903520584106445,
        0.5230554342269897
    ],
    "left_shoulder": [
        0.23369063436985016,
        0.4900635778903961
    ],
    "right_shoulder": [
        0.26202845573425293,
        0.502173900604248
    ],
    "left_elbow": [
        0.22568002343177795,
        0.6467865109443665
    ],
    "right_elbow": [
        0.2536543905735016,
        0.646894633769989
    ],
    "left_wrist": [
        0.21345356106758118,
        0.7864494323730469
    ],
    "right_wrist": [
        0.24034959077835083,
        0.7535833120346069
    ],
    "left_pinky": [
        0.1758098304271698,
        0.8001734018325806
    ],
    "right_pinky": [
        0.21153023838996887,
        0.7606263756752014
    ],
    "left_index": [
        0.17030829191207886,
        0.7921589612960815
    ],
    "right_index": [
        0.20565170049667358,
        0.7637584805488586
    ],
    "left_thumb": [
        0.1866488754749298,
        0.7874738574028015
    ],
    "right_thumb": [
        0.21523571014404297,
        0.7637953162193298
    ],
    "left_hip": [
        0.4965326488018036,
        0.5388640761375427
    ],
    "right_hip": [
        0.500844419002533,
        0.5399288535118103
    ],
    "left_knee": [
        0.697837233543396,
        0.6202473640441895
    ],
    "right_knee": [
        0.6984424591064453,
        0.6170307993888855
    ],
    "left_ankle": [
        0.8975781202316284,
        0.6999446153640747
    ],
    "right_ankle": [
        0.884265124797821,
        0.6902311444282532
    ],
    "left_heel": [
        0.9370261430740356,
        0.6929138898849487
    ],
    "right_heel": [
        0.9258159399032593,
        0.684185266494751
    ],
    "left_foot_index": [
        0.8955559730529785,
        0.7856991291046143
    ],
    "right_foot_index": [
        0.8873690366744995,
        0.7769544124603271
    ]
}