{
    "nose": [
        0.5126673579216003,
        0.609830915927887
    ],
    "left_eye_inner": [
        0.5298619270324707,
        0.6198916435241699
    ],
    "left_eye": [
        0.5306673049926758,
        0.6246711015701294
    ],
    "left_eye_outer": [
        0.5313084125518799,
        0.6298651695251465
    ],
    "right_eye_inner": [
        0.5293141007423401,
        0.6154568195343018
    ],
    "right_eye": [
        0.5297755002975464,
        0.6163759231567383
    ],
    "right_eye_outer": [
        0.5302981734275818,
        0.6173473596572876
    ],
    "left_ear": [
        0.5254319906234741,
        0.6624498963356018
    ],
    "right_ear": [
        0.5282387733459473,
        0.6478671431541443
    ],
    "mouth_left": [
        0.49731945991516113,
        0.6215930581092834
    ],
    "mouth_right": [
        0.4986993372440338,
        0.6155064105987549
    ],
    "left_shoulder": [
        0.43648266792297363,
        0.6888984441757202
    ],
    "right_shoulder": [
        0.44314906001091003,
        0.655158281326294
    ],
    "left_elbow": [
        0.2749973237514496,
        0.6834316253662109
    ],
    "right_elbow": [
        0.2966129779815674,
        0.6582455635070801
    ],
    "left_wrist": [
        0.14323729276657104,
        0.6768662929534912
    ],
    "right_wrist": [
        0.15136444568634033,
        0.667351245880127
    ],
    "left_pinky": [
        0.1039147675037384,
        0.6831345558166504
    ],
    "right_pinky": [
        0.10811880230903625,
        0.6709156632423401
    ],
    "left_index": [
        0.101337730884552,
        0.680439293384552
    ],
    "right_index": [
        0.10801383852958679,
        0.6762975454330444
    ],
    "left_thumb": [
        0.11609768867492676,
        0.6749013662338257
    ],
    "right_thumb": [
        0.12814414501190186,
        0.6701921224594116
    ],
    "left_hip": [
        0.42367541790008545,
        0.4301396310329437
    ],
    "right_hip": [
        0.4301026463508606,
        0.41006675362586975
    ],
    "left_knee": [
        0.673332691192627,
        0.5195977687835693
    ],
    "right_knee": [
        0.6574581861495972,
        0.5069711208343506
    ],
    "left_ankle": [
        0.884521484375,
        0.6078393459320068
    ],
    "right_ankle": [
        0.8723974227905273,
        0.6041452884674072
    ],
    "left_heel": [
        0.9138755202293396,
        0.5975461006164551
    ],
    "right_heel": [
        0.9053733944892883,
        0.594024658203125
    ],
    "left_foot_index": [
        0.9219260811805725,
        0.7036246061325073
    ],
    "right_foot_index": [
        0.9129824638366699,
        0.7025213241577148
    ]
}