{
    "nose": [
        0.6692615747451782,
        0.27661043405532837
    ],
    "left_eye_inner": [
        0.6829102039337158,
        0.2544313967227936
    ],
    "left_eye": [
        0.6870173811912537,
        0.2538662254810333
    ],
    "left_eye_outer": [
        0.6918125152587891,
        0.2533190846443176
    ],
    "right_eye_inner": [
        0.6807758212089539,
        0.25345271825790405
    ],
    "right_eye": [
        0.6833072900772095,
        0.25210317969322205
    ],
    "right_eye_outer": [
        0.6862162351608276,
        0.2505553662776947
    ],
    "left_ear": [
        0.7324773669242859,
        0.2637738883495331
    ],
    "right_ear": [
        0.7254455089569092,
        0.26131123304367065
    ],
    "mouth_left": [
        0.6822497248649597,
        0.3013027608394623
    ],
    "mouth_right": [
        0.6790299415588379,
        0.29989713430404663
    ],
    "left_shoulder": [
        0.7898309230804443,
        0.4049687087535858
    ],
    "right_shoulder": [
        0.7412843108177185,
        0.401834636926651
    ],
    "left_elbow": [
        0.8583567142486572,
        0.6085517406463623
    ],
    "right_elbow": [
        0.7574098110198975,
        0.5904515981674194
    ],
    "left_wrist": [
        0.8319724202156067,
        0.7745901942253113
    ],
    "right_wrist": [
        0.7572706341743469,
        0.7137501239776611
    ],
    "left_pinky": [
        0.8176884651184082,
        0.8027768731117249
    ],
    "right_pinky": [
        0.7479200959205627,
        0.7561962604522705
    ],
    "left_index": [
        0.796809732913971,
        0.7985790967941284
    ],
    "right_index": [
        0.7352433800697327,
        0.7537369728088379
    ],
    "left_thumb": [
        0.7994929552078247,
        0.7881828546524048
    ],
    "right_thumb": [
        0.7429975867271423,
        0.7439256906509399
    ],
    "left_hip": [
        0.7606631517410278,
        0.7206161618232727
    ],
    "right_hip": [
        0.7219410538673401,
        0.6944608092308044
    ],
    "left_knee": [
        0.47906339168548584,
        0.736136257648468
    ],
    "right_knee": [
        0.4642760753631592,
        0.7272080779075623
    ],
    "left_ankle": [
        0.15559792518615723,
        0.7445811629295349
    ],
    "right_ankle": [
        0.17010855674743652,
        0.7400274872779846
    ],
    "left_heel": [
        0.10939973592758179,
        0.7650464773178101
    ],
    "right_heel": [
        0.11185961961746216,
        0.7618022561073303
    ],
    "left_foot_index": [
        0.12622559070587158,
        0.6269783973693848
    ],
    "right_foot_index": [
        0.13462281227111816,
        0.6228829622268677
    ]
}