{
    "nose": [
        0.2694129943847656,
        0.4498678743839264
    ],
    "left_eye_inner": [
        0.25960373878479004,
        0.43639999628067017
    ],
    "left_eye": [
        0.2607947289943695,
        0.43438783288002014
    ],
    "left_eye_outer": [
        0.2622669041156769,
        0.43213629722595215
    ],
    "right_eye_inner": [
        0.25913339853286743,
        0.4363766014575958
    ],
    "right_eye": [
        0.25973665714263916,
        0.4346209764480591
    ],
    "right_eye_outer": [
        0.26048585772514343,
        0.43264880776405334
    ],
    "left_ear": [
        0.2800171971321106,
        0.4166872501373291
    ],
    "right_ear": [
        0.278280109167099,
        0.4176000952720642
    ],
    "mouth_left": [
        0.28461453318595886,
        0.4487050771713257
    ],
    "mouth_right": [
        0.2840973138809204,
        0.44986996054649353
    ],
    "left_shoulder": [
        0.3385717272758484,
        0.4163103699684143
    ],
    "right_shoulder": [
        0.34191828966140747,
        0.41768476366996765
    ],
    "left_elbow": [
        0.22952744364738464,
        0.4244731366634369
    ],
    "right_elbow": [
        0.2415551245212555,
        0.41459232568740845
    ],
    "left_wrist": [
        0.11496943235397339,
        0.4079720675945282
    ],
    "right_wrist": [
        0.14025288820266724,
        0.4042680263519287
    ],
    "left_pinky": [
        0.08626329898834229,
        0.40329569578170776
    ],
    "right_pinky": [
        0.11679144948720932,
        0.39603400230407715
    ],
    "left_index": [
        0.08778446912765503,
        0.3945552110671997
    ],
    "right_index": [
        0.11400368809700012,
        0.39195048809051514
    ],
    "left_thumb": [
        0.0972200334072113,
        0.3954043388366699
    ],
    "right_thumb": [
        0.1233660876750946,
        0.39437976479530334
    ],
    "left_hip": [
        0.5762827396392822,
        0.44100281596183777
    ],
    "right_hip": [
        0.5689073204994202,
        0.4636572301387787
    ],
    "left_knee": [
        0.7461674213409424,
        0.4396911859512329
    ],
    "right_knee": [
        0.5580856800079346,
        0.6365227103233337
    ],
    "left_ankle": [
        0.9157862663269043,
        0.43819814920425415
    ],
    "right_ankle": [
        0.5478233695030212,
        0.7873389720916748
    ],
    "left_heel": [
        0.9472488760948181,
        0.4235348701477051
    ],
    "right_heel": [
        0.5619135499000549,
        0.8147019147872925
    ],
    "left_foot_index": [
        0.925387978553772,
        0.512845516204834
    ],
    "right_foot_index": [
        0.4727920889854431,
        0.8118841648101807
    ]
}