{
    "nose": [
        0.524442195892334,
        0.33889997005462646
    ],
    "left_eye_inner": [
        0.5082195997238159,
        0.3385649621486664
    ],
    "left_eye": [
        0.5070945620536804,
        0.34064745903015137
    ],
    "left_eye_outer": [
        0.5060163736343384,
        0.3427797555923462
    ],
    "right_eye_inner": [
        0.5075057148933411,
        0.3396420180797577
    ],
    "right_eye": [
        0.5057445168495178,
        0.34225934743881226
    ],
    "right_eye_outer": [
        0.5039833784103394,
        0.34486907720565796
    ],
    "left_ear": [
        0.4960636794567108,
        0.37100350856781006
    ],
    "right_ear": [
        0.4964669644832611,
        0.3725989758968353
    ],
    "mouth_left": [
        0.5311995148658752,
        0.357327938079834
    ],
    "mouth_right": [
        0.529585599899292,
        0.3580152690410614
    ],
    "left_shoulder": [
        0.5143085718154907,
        0.43084895610809326
    ],
    "right_shoulder": [
        0.522313117980957,
        0.4260777235031128
    ],
    "left_elbow": [
        0.5227299332618713,
        0.305306613445282
    ],
    "right_elbow": [
        0.541127622127533,
        0.29231691360473633
    ],
    "left_wrist": [
        0.522286057472229,
        0.20225954055786133
    ],
    "right_wrist": [
        0.5292125344276428,
        0.1686604619026184
    ],
    "left_pinky": [
        0.5127618312835693,
        0.16664767265319824
    ],
    "right_pinky": [
        0.5232335925102234,
        0.13731980323791504
    ],
    "left_index": [
        0.507500410079956,
        0.16732877492904663
    ],
    "right_index": [
        0.5154454112052917,
        0.13740479946136475
    ],
    "left_thumb": [
        0.5101567506790161,
        0.17934918403625488
    ],
    "right_thumb": [
        0.5158565640449524,
        0.14734941720962524
    ],
    "left_hip": [
        0.5275155305862427,
        0.6781197786331177
    ],
    "right_hip": [
        0.494249165058136,
        0.687187671661377
    ],
    "left_knee": [
        0.7025066614151001,
        0.7056753635406494
    ],
    "right_knee": [
        0.35798507928848267,
        0.8105062246322632
    ],
    "left_ankle": [
        0.7282425165176392,
        0.8913644552230835
    ],
    "right_ankle": [
        0.19121506810188293,
        0.9133425951004028
    ],
    "left_heel": [
        0.7082480788230896,
        0.9232025742530823
    ],
    "right_heel": [
        0.15415334701538086,
        0.9206345081329346
    ],
    "left_foot_index": [
        0.8173221349716187,
        0.9222550392150879
    ],
    "right_foot_index": [
        0.20674672722816467,
        0.9728384613990784
    ]
}